Ship_name,Cruise_line,Age,Tonnage,Passengers,Length,Cabins,Passenger_density,Crew
Journey,Azamara,7,30.277,7,5.94,4,42.64,4
Quest,Azamara,7,30.277,7,5.94,4,42.64,4
Celebration,Carnival,27,47.262,15,7.22,8,31.8,7
Conquest,Carnival,12,110.0,30,9.53,15,36.99,20
Destiny,Carnival,18,101.353,27,8.92,14,38.36,11
Ecstasy,Carnival,23,70.367,21,8.55,11,34.29,10
Elation,Carnival,16,70.367,21,8.55,11,34.29,10
Fantasy,Carnival,24,70.367,21,8.55,11,34.23,10
Fascination,Carnival,20,70.367,21,8.55,11,34.29,10
Freedom,Carnival,7,110.239,38,9.51,15,29.79,12
Glory,Carnival,11,110.0,30,9.51,15,36.99,12
Holiday,Carnival,29,46.052,15,7.27,8,31.72,7
Imagination,Carnival,19,70.367,21,8.55,11,34.29,10
Inspiration,Carnival,18,70.367,21,8.55,11,34.29,10
Legend,Carnival,12,86.0,22,9.63,11,40.49,10
Liberty*,Carnival,9,110.0,30,9.51,15,36.99,12
Miracle,Carnival,10,88.5,22,9.63,11,41.67,11
Paradise,Carnival,16,70.367,21,8.55,11,34.29,10
Pride,Carnival,13,88.5,22,9.63,12,41.67,10
Sensation,Carnival,21,70.367,21,8.55,11,34.29,10
Spirit,Carnival,13,88.5,22,9.63,11,41.67,11
Triumph,Carnival,15,101.509,28,8.93,14,36.81,11
Valor,Carnival,10,110.0,30,9.52,15,36.99,12
Victory,Carnival,14,101.509,28,8.93,14,36.81,12
Century,Celebrity,19,70.60600000000001,18,8.15,9,39.89,9
Constellation,Celebrity,12,91.0,21,9.65,10,44.78,10
Galaxy,Celebrity,18,77.71300000000001,19,8.66,10,41.12,10
Infinity,Celebrity,13,91.0,21,9.65,10,44.78,10
Mercury,Celebrity,17,77.71300000000001,19,8.66,10,41.29,10
Millenium,Celebrity,14,91.0,21,9.65,10,44.78,10
Solstice,Celebrity,6,122.0,29,10.33,7,34.57,7
Summit,Celebrity,13,91.0,21,9.65,10,44.78,10
Xpedition,Celebrity,13,2.329,1,2.96,1,24.78,1
Zenith,Celebrity,22,47.225,14,6.82,7,34.57,7
Allegra,Costa,22,28.43,9,6.16,5,35.19,5
Atlantica,Costa,14,85.619,22,9.57,11,40.5,10
Classica,Costa,23,52.926,14,7.18,7,40.65,7
Europa,Costa,28,53.872,15,7.98,8,36.06,7
Fortuna,Costa,11,105.0,28,8.9,14,38.6,11
Magica,Costa,10,105.0,28,8.9,14,38.6,11
Marina,Costa,24,25.0,8,6.22,4,32.22,4
Mediterranea,Costa,11,86.0,22,9.6,11,40.68,10
Romantica,Costa,21,53.049,14,7.22,7,39.47,7
Serena,Costa,7,112.0,39,9.51,16,29.47,11
Victoria,Costa,18,75.166,20,8.28,10,38.99,8
Serenity,Crystal,11,68.0,11,7.9,6,62.96,7
Symphony,Crystal,19,51.004,10,7.81,5,54.26,6
QueenElizabethII,Cunard,45,70.327,18,9.63,10,39.27,10
QueenMary2,Cunard,11,151.4,27,11.32,12,57.79,13
QueenVictoria,Cunard,7,90.0,21,9.64,11,45.0,10
Magic,Disney,16,83.338,18,9.64,9,47.62,10
Wonder,Disney,15,83.0,18,9.64,9,47.43,10
Amsterdam,Holland_American,14,61.0,14,7.8,7,44.2,7
Eurodam,Holland_American,6,86.0,22,9.36,11,40.87,9
Maasdam,Holland_American,21,55.451,13,7.19,7,43.87,6
Noordam,Holland_American,30,33.92,13,7.04,7,27.94,6
Oosterdam,Holland_American,11,81.76899999999999,19,9.59,10,44.25,9
Prinsendam,Holland_American,26,38.0,8,6.74,4,50.73,5
Rotterdam,Holland_American,17,59.652,14,7.77,7,45.19,7
Ryndam,Holland_American,20,55.451,13,7.19,7,43.8,6
Statendam,Holland_American,21,55.451,13,7.19,7,43.8,6
Veendam,Holland_American,18,55.451,13,7.19,7,43.8,6
Volendam,Holland_American,15,63.0,15,7.77,8,43.75,6
Westerdam,Holland_American,28,53.872,15,7.98,8,36.06,7
Zaandam,Holland_American,14,63.0,15,7.77,8,43.75,6
Zuiderdam,Holland_American,12,85.0,19,9.51,10,46.0,9
Armonia,MSC,13,58.6,16,8.24,8,37.42,8
Fantasia,MSC,6,133.5,40,10.93,17,33.72,14
Lirica,MSC,11,58.825,16,8.23,8,37.71,8
Melody,MSC,32,35.143,13,6.69,6,28.11,6
Musica,MSC,8,89.6,26,9.61,13,35.14,10
Opera,MSC,10,59.058,18,7.63,9,34.74,8
Rhapsody,MSC,37,16.852,10,5.41,4,17.7,3
Sinfonia,MSC,12,58.6,16,8.23,8,37.42,8
Crown,Norwegian,26,34.25,11,6.15,6,32.56,5
Dawn,Norwegian,12,90.0,23,9.65,12,40.18,12
Dream,Norwegian,22,50.76,18,7.54,9,29.04,7
Gem,Norwegian,7,93.0,24,9.65,12,38.85,12
Jewel,Norwegian,9,91.0,23,9.65,12,40.55,12
Majesty,Norwegian,22,38.0,11,5.67,6,35.98,5
PrideofAloha,Norwegian,15,77.104,21,8.53,11,38.51,9
PrideofAmerica,Norwegian,10,81.0,22,9.21,11,37.78,11
Sea,Norwegian,26,42.0,16,7.08,8,27.93,7
Spirit,Norwegian,16,75.33800000000001,20,8.79,10,38.52,14
Star,Norwegian,41,28.0,12,6.74,5,24.35,4
Sun,Norwegian,13,77.104,21,8.53,11,38.51,10
Wind,Norwegian,21,50.76,18,7.54,9,29.04,7
Insignia,Oceania,16,30.277,7,5.94,4,44.26,5
Nautica,Oceania,14,30.277,7,5.94,4,44.26,5
Regatta,Oceania,16,30.277,7,5.94,4,44.26,5
MarcoPolo,Orient,49,22.08,9,5.78,5,26.73,4
Arcadia,P&O,10,85.0,20,9.35,10,43.19,9
Artemis,P&O,30,45.0,12,7.54,6,38.2,6
Aurora,P&O,14,76.0,19,8.86,10,40.55,9
Oceana,P&O,11,77.0,21,8.56,10,38.19,10
Oriana,P&O,19,69.153,19,8.53,10,36.74,8
Ventura,P&O,6,115.0,36,9.0,16,32.18,13
Caribbean,Princess,10,116.0,27,9.51,14,44.62,12
Coral,Princess,12,91.627,20,9.64,10,46.42,10
Crown,Princess,8,116.0,32,9.51,16,37.42,13
Dawn,Princess,17,77.499,20,8.56,11,39.74,10
Diamond,Princess,10,113.0,27,9.51,14,42.26,13
Emerald,Princess,7,113.0,38,9.51,16,29.88,13
Golden,Princess,13,108.865,28,9.51,14,39.47,12
Grand,Princess,16,108.806,27,9.51,14,41.85,12
Island,Princess,11,91.627,20,9.64,10,46.42,10
Pacific,Princess,15,30.277,7,5.93,4,44.14,4
Regal,Princess,23,69.845,16,8.03,8,43.93,7
Royal,Princess,30,44.348,13,7.54,7,36.96,6
Saphire,Princess,10,113.0,27,9.51,14,42.26,13
Sea,Princess,9,77.499,20,8.56,10,39.74,10
Star,Princess,12,108.977,27,9.51,14,41.88,13
Sun,Princess,19,77.499,20,8.56,10,39.74,10
Tahitian,Princess,15,30.277,7,5.93,4,44.01,4
ExplorerII,Regent_Seven_Seas,28,12.5,4,4.36,1,31.73,2
Mariner,Regent_Seven_Seas,13,50.0,8,7.09,4,71.43,5
Navigator,Regent_Seven_Seas,15,33.0,5,5.6,3,67.35,4
PaulGauguin,Regent_Seven_Seas,17,19.2,4,5.13,2,60.0,3
Voyager,Regent_Seven_Seas,11,46.0,8,6.7,2,65.71,5
Adventure,Royal_Caribbean,13,138.0,32,10.2,16,44.32,12
Brilliance,Royal_Caribbean,12,90.09,26,9.62,11,36.02,9
Empress,Royal_Caribbean,24,48.563,21,6.92,9,24.04,7
Enchantment,Royal_Caribbean,17,74.137,20,9.16,10,38.02,8
Explorer,Royal_Caribbean,14,138.0,32,10.2,16,44.32,12
Freedom,Royal_Caribbean,8,158.0,44,11.12,19,36.16,14
Grandeur,Royal_Caribbean,18,74.137,20,9.16,10,38.02,8
Independence,Royal_Caribbean,6,160.0,37,11.12,19,44.03,14
Jewel,Royal_Caribbean,10,90.09,26,9.62,11,36.02,9
Legend,Royal_Caribbean,19,70.0,19,8.67,10,38.89,8
Liberty,Royal_Caribbean,7,158.0,44,11.25,19,36.16,14
Majesty,Royal_Caribbean,22,73.941,28,8.8,12,26.95,9
Mariner,Royal_Caribbean,11,138.0,32,10.2,16,44.32,12
Monarch,Royal_Caribbean,23,73.941,28,8.8,12,30.94,9
Navigator,Royal_Caribbean,12,138.0,32,10.2,16,44.32,12
Oasis,Royal_Caribbean,5,220.0,55,11.82,28,40.74,22
Radiance,Royal_Caribbean,13,90.09,26,9.62,11,36.02,9
Rhapsody,Royal_Caribbean,17,78.491,25,9.15,11,32.23,8
Serenade,Royal_Caribbean,11,90.09,26,9.62,11,36.02,9
Sovreign,Royal_Caribbean,26,73.192,29,8.8,12,25.66,9
Splendour,Royal_Caribbean,18,70.0,21,8.67,10,33.72,8
Vision,Royal_Caribbean,16,78.491,25,9.15,11,32.23,7
Voyager,Royal_Caribbean,15,138.0,32,10.2,16,44.32,12
Legend,Seabourn,22,10.0,3,4.4,2,48.08,2
Pride,Seabourn,28,10.0,3,4.4,2,48.08,2
Spirit,Seabourn,25,10.0,3,4.4,2,48.08,2
Cloud,Silversea,20,16.8,3,5.14,2,56.76,3
Shadow,Silversea,14,25.0,4,5.97,2,65.45,3
Whisper,Silversea,13,25.0,4,5.97,2,64.43,3
Wind,Silversea,20,16.8,3,5.14,2,56.76,2
Aries,Star,23,3.341,1,2.8,1,50.62,1
Gemini,Star,22,19.093,9,5.37,5,23.87,5
Libra,Star,13,42.0,15,7.13,8,28.38,7
Pisces,Star,25,40.053,13,5.79,8,31.12,8
Taurus,Star,23,3.341,1,2.79,1,50.62,1
Virgo,Star,15,76.8,20,8.79,10,39.18,13
Spirit,Windstar,26,5.35,2,4.4,1,33.86,1
Star,Windstar,28,5.35,2,4.4,1,32.04,1
Surf,Windstar,24,14.745,4,6.17,2,47.87,2
